{"v":"4.10.1","fr":60,"ip":0,"op":150,"w":375,"h":667,"nm":"氛围扩展","ddd":0,"assets":[{"id":"image_0","w":80,"h":156,"u":"images/","p":"img_0.png"},{"id":"image_1","w":80,"h":156,"u":"images/","p":"img_1.png"},{"id":"image_2","w":784,"h":824,"u":"images/","p":"img_2.png"},{"id":"image_3","w":1396,"h":1700,"u":"images/","p":"img_3.png"},{"id":"image_4","w":1500,"h":1736,"u":"images/","p":"img_4.png"},{"id":"image_5","w":1500,"h":2668,"u":"images/","p":"img_5.png"}],"layers":[{"ddd":0,"ind":1,"ty":2,"nm":"Oval 9 Copy 2_7.png","cl":"png","refId":"image_0","sr":1,"ks":{"o":{"a":0,"k":100,"ix":11},"r":{"a":0,"k":0,"ix":10},"p":{"a":0,"k":[304,101,0],"ix":2},"a":{"a":0,"k":[0,0,0],"ix":1},"s":{"a":0,"k":[25,25,100],"ix":6}},"ao":0,"ip":0,"op":150,"st":0,"bm":0},{"ddd":0,"ind":2,"ty":8,"nm":"Oval 9 Copy 2_[6-7].png","cl":"png","sr":1,"ks":{"o":{"a":0,"k":100,"ix":11},"r":{"a":0,"k":0,"ix":10},"p":{"a":0,"k":[165,543,0],"ix":2},"a":{"a":0,"k":[0,0,0],"ix":1},"s":{"a":0,"k":[25,25,100],"ix":6}},"ao":0,"ip":0,"op":4.8,"st":0,"bm":0},{"ddd":0,"ind":3,"ty":2,"nm":"Oval 9 Copy_5.png","cl":"png","refId":"image_1","sr":1,"ks":{"o":{"a":0,"k":100,"ix":11},"r":{"a":0,"k":0,"ix":10},"p":{"a":0,"k":[56,116,0],"ix":2},"a":{"a":0,"k":[0,0,0],"ix":1},"s":{"a":0,"k":[25,25,100],"ix":6}},"ao":0,"ip":0,"op":150,"st":0,"bm":0},{"ddd":0,"ind":4,"ty":2,"nm":"Oval 9_4.png","cl":"png","refId":"image_2","sr":1,"ks":{"o":{"a":0,"k":100,"ix":11},"r":{"a":0,"k":0,"ix":10},"p":{"a":0,"k":[30.318,360.249,0],"ix":2},"a":{"a":0,"k":[0,0,0],"ix":1},"s":{"a":0,"k":[25,25,100],"ix":6}},"ao":0,"ef":[{"ty":25,"nm":"投影","np":8,"mn":"ADBE Drop Shadow","ix":1,"en":1,"ef":[{"ty":2,"nm":"阴影颜色","mn":"ADBE Drop Shadow-0001","ix":1,"v":{"a":0,"k":[0.562726616859,0.91660541296,0.610474228859,1],"ix":1}},{"ty":0,"nm":"不透明度","mn":"ADBE Drop Shadow-0002","ix":2,"v":{"a":0,"k":79,"ix":2}},{"ty":0,"nm":"方向","mn":"ADBE Drop Shadow-0003","ix":3,"v":{"a":0,"k":-382,"ix":3}},{"ty":0,"nm":"距离","mn":"ADBE Drop Shadow-0004","ix":4,"v":{"a":0,"k":48,"ix":4}},{"ty":0,"nm":"柔和度","mn":"ADBE Drop Shadow-0005","ix":5,"v":{"a":0,"k":112,"ix":5}},{"ty":7,"nm":"仅阴影","mn":"ADBE Drop Shadow-0006","ix":6,"v":{"a":0,"k":0,"ix":6}}]},{"ty":5,"nm":"湍流置换","np":16,"mn":"ADBE Turbulent Displace","ix":2,"en":1,"ef":[{"ty":7,"nm":"置换","mn":"ADBE Turbulent Displace-0001","ix":1,"v":{"a":0,"k":1,"ix":1}},{"ty":0,"nm":"数量","mn":"ADBE Turbulent Displace-0002","ix":2,"v":{"a":1,"k":[{"i":{"x":[0.833],"y":[0.833]},"o":{"x":[0.167],"y":[0.167]},"n":["0p833_0p833_0p167_0p167"],"t":0,"s":[11],"e":[299]},{"t":149}],"ix":2}},{"ty":0,"nm":"大小","mn":"ADBE Turbulent Displace-0003","ix":3,"v":{"a":1,"k":[{"i":{"x":[0.833],"y":[0.833]},"o":{"x":[0.167],"y":[0.167]},"n":["0p833_0p833_0p167_0p167"],"t":0,"s":[65],"e":[175]},{"t":149}],"ix":3}},{"ty":3,"nm":"偏移（湍流）","mn":"ADBE Turbulent Displace-0004","ix":4,"v":{"a":1,"k":[{"i":{"x":0.833,"y":0.833},"o":{"x":0.167,"y":0.167},"n":"0p833_0p833_0p167_0p167","t":0,"s":[186.73,187.005],"e":[570.73,575.005],"to":[64,64.6666641235352],"ti":[-64,-64.6666641235352]},{"t":149}],"ix":4}},{"ty":0,"nm":"复杂度","mn":"ADBE Turbulent Displace-0005","ix":5,"v":{"a":0,"k":1,"ix":5}},{"ty":0,"nm":"演化","mn":"ADBE Turbulent Displace-0006","ix":6,"v":{"a":1,"k":[{"i":{"x":[0.833],"y":[0.833]},"o":{"x":[0.167],"y":[0.167]},"n":["0p833_0p833_0p167_0p167"],"t":0,"s":[0],"e":[157]},{"t":149}],"ix":6}},{"ty":6,"nm":"演化选项","mn":"ADBE Turbulent Displace-0007","ix":7,"v":0},{"ty":7,"nm":"循环演化","mn":"ADBE Turbulent Displace-0008","ix":8,"v":{"a":0,"k":0,"ix":8}},{"ty":0,"nm":"循环（旋转次数）","mn":"ADBE Turbulent Displace-0009","ix":9,"v":{"a":0,"k":1,"ix":9}},{"ty":0,"nm":"随机植入","mn":"ADBE Turbulent Displace-0010","ix":10,"v":{"a":0,"k":0,"ix":10}},{"ty":6,"nm":"随机植入","mn":"ADBE Turbulent Displace-0011","ix":11,"v":0},{"ty":7,"nm":"固定","mn":"ADBE Turbulent Displace-0012","ix":12,"v":{"a":0,"k":3,"ix":12}},{"ty":7,"nm":"调整图层大小","mn":"ADBE Turbulent Displace-0013","ix":13,"v":{"a":0,"k":0,"ix":13}},{"ty":7,"nm":"消除锯齿（最佳品质）","mn":"ADBE Turbulent Displace-0014","ix":14,"v":{"a":0,"k":1,"ix":14}}]}],"ip":0,"op":150,"st":0,"bm":0},{"ddd":0,"ind":5,"ty":2,"nm":"Oval 9_3.png","cl":"png","refId":"image_3","sr":1,"ks":{"o":{"a":0,"k":100,"ix":11},"r":{"a":0,"k":0,"ix":10},"p":{"a":0,"k":[28,137,0],"ix":2},"a":{"a":0,"k":[0,0,0],"ix":1},"s":{"a":0,"k":[25,25,100],"ix":6}},"ao":0,"ef":[{"ty":25,"nm":"投影","np":8,"mn":"ADBE Drop Shadow","ix":1,"en":1,"ef":[{"ty":2,"nm":"阴影颜色","mn":"ADBE Drop Shadow-0001","ix":1,"v":{"a":0,"k":[0.294117987156,0.850979983807,0.501960992813,0.330000013113],"ix":1}},{"ty":0,"nm":"不透明度","mn":"ADBE Drop Shadow-0002","ix":2,"v":{"a":0,"k":84.15,"ix":2}},{"ty":0,"nm":"方向","mn":"ADBE Drop Shadow-0003","ix":3,"v":{"a":0,"k":180,"ix":3}},{"ty":0,"nm":"距离","mn":"ADBE Drop Shadow-0004","ix":4,"v":{"a":0,"k":7,"ix":4}},{"ty":0,"nm":"柔和度","mn":"ADBE Drop Shadow-0005","ix":5,"v":{"a":0,"k":39,"ix":5}},{"ty":7,"nm":"仅阴影","mn":"ADBE Drop Shadow-0006","ix":6,"v":{"a":0,"k":0,"ix":6}}]},{"ty":5,"nm":"湍流置换","np":16,"mn":"ADBE Turbulent Displace","ix":2,"en":1,"ef":[{"ty":7,"nm":"置换","mn":"ADBE Turbulent Displace-0001","ix":1,"v":{"a":0,"k":1,"ix":1}},{"ty":0,"nm":"数量","mn":"ADBE Turbulent Displace-0002","ix":2,"v":{"a":1,"k":[{"i":{"x":[0.833],"y":[0.833]},"o":{"x":[0.167],"y":[0.167]},"n":["0p833_0p833_0p167_0p167"],"t":0,"s":[50],"e":[79]},{"t":149}],"ix":2}},{"ty":0,"nm":"大小","mn":"ADBE Turbulent Displace-0003","ix":3,"v":{"a":1,"k":[{"i":{"x":[0.833],"y":[0.833]},"o":{"x":[0.167],"y":[0.167]},"n":["0p833_0p833_0p167_0p167"],"t":0,"s":[27],"e":[272]},{"t":149}],"ix":3}},{"ty":3,"nm":"偏移（湍流）","mn":"ADBE Turbulent Displace-0004","ix":4,"v":{"a":1,"k":[{"i":{"x":0.833,"y":0.833},"o":{"x":0.167,"y":0.167},"n":"0p833_0p833_0p167_0p167","t":0,"s":[580,432],"e":[276,1544],"to":[-50.6666679382324,185.33332824707],"ti":[50.6666679382324,-185.33332824707]},{"t":149}],"ix":4}},{"ty":0,"nm":"复杂度","mn":"ADBE Turbulent Displace-0005","ix":5,"v":{"a":0,"k":1,"ix":5}},{"ty":0,"nm":"演化","mn":"ADBE Turbulent Displace-0006","ix":6,"v":{"a":1,"k":[{"i":{"x":[0.833],"y":[0.833]},"o":{"x":[0.167],"y":[0.167]},"n":["0p833_0p833_0p167_0p167"],"t":0,"s":[11],"e":[378]},{"t":149}],"ix":6}},{"ty":6,"nm":"演化选项","mn":"ADBE Turbulent Displace-0007","ix":7,"v":0},{"ty":7,"nm":"循环演化","mn":"ADBE Turbulent Displace-0008","ix":8,"v":{"a":0,"k":0,"ix":8}},{"ty":0,"nm":"循环（旋转次数）","mn":"ADBE Turbulent Displace-0009","ix":9,"v":{"a":0,"k":1,"ix":9}},{"ty":0,"nm":"随机植入","mn":"ADBE Turbulent Displace-0010","ix":10,"v":{"a":0,"k":0,"ix":10}},{"ty":6,"nm":"随机植入","mn":"ADBE Turbulent Displace-0011","ix":11,"v":0},{"ty":7,"nm":"固定","mn":"ADBE Turbulent Displace-0012","ix":12,"v":{"a":0,"k":3,"ix":12}},{"ty":7,"nm":"调整图层大小","mn":"ADBE Turbulent Displace-0013","ix":13,"v":{"a":0,"k":0,"ix":13}},{"ty":7,"nm":"消除锯齿（最佳品质）","mn":"ADBE Turbulent Displace-0014","ix":14,"v":{"a":0,"k":1,"ix":14}}]}],"ip":0,"op":150,"st":0,"bm":0},{"ddd":0,"ind":6,"ty":2,"nm":"Oval 9_2.png","cl":"png","refId":"image_4","sr":1,"ks":{"o":{"a":0,"k":100,"ix":11},"r":{"a":0,"k":0,"ix":10},"p":{"a":0,"k":[163.006,338.518,0],"ix":2},"a":{"a":0,"k":[750,868,0],"ix":1},"s":{"a":0,"k":[25,25,100],"ix":6}},"ao":0,"ef":[{"ty":25,"nm":"投影","np":8,"mn":"ADBE Drop Shadow","ix":1,"en":1,"ef":[{"ty":2,"nm":"阴影颜色","mn":"ADBE Drop Shadow-0001","ix":1,"v":{"a":0,"k":[0.334120184183,0.878109693527,0.547066092491,1],"ix":1}},{"ty":0,"nm":"不透明度","mn":"ADBE Drop Shadow-0002","ix":2,"v":{"a":0,"k":61.5,"ix":2}},{"ty":0,"nm":"方向","mn":"ADBE Drop Shadow-0003","ix":3,"v":{"a":0,"k":-56,"ix":3}},{"ty":0,"nm":"距离","mn":"ADBE Drop Shadow-0004","ix":4,"v":{"a":0,"k":62,"ix":4}},{"ty":0,"nm":"柔和度","mn":"ADBE Drop Shadow-0005","ix":5,"v":{"a":0,"k":16,"ix":5}},{"ty":7,"nm":"仅阴影","mn":"ADBE Drop Shadow-0006","ix":6,"v":{"a":0,"k":0,"ix":6}}]},{"ty":5,"nm":"湍流置换","np":16,"mn":"ADBE Turbulent Displace","ix":2,"en":1,"ef":[{"ty":7,"nm":"置换","mn":"ADBE Turbulent Displace-0001","ix":1,"v":{"a":0,"k":1,"ix":1}},{"ty":0,"nm":"数量","mn":"ADBE Turbulent Displace-0002","ix":2,"v":{"a":1,"k":[{"i":{"x":[0.833],"y":[0.833]},"o":{"x":[0.167],"y":[0.167]},"n":["0p833_0p833_0p167_0p167"],"t":0,"s":[15],"e":[162]},{"t":149}],"ix":2}},{"ty":0,"nm":"大小","mn":"ADBE Turbulent Displace-0003","ix":3,"v":{"a":1,"k":[{"i":{"x":[0.833],"y":[0.833]},"o":{"x":[0.167],"y":[0.167]},"n":["0p833_0p833_0p167_0p167"],"t":0,"s":[54],"e":[170]},{"t":149}],"ix":3}},{"ty":3,"nm":"偏移（湍流）","mn":"ADBE Turbulent Displace-0004","ix":4,"v":{"a":1,"k":[{"i":{"x":0.833,"y":0.833},"o":{"x":0.167,"y":0.167},"n":"0p833_0p833_0p167_0p167","t":0,"s":[485.977,253.928],"e":[297.977,1273.928],"to":[-31.3333339691162,170],"ti":[31.3333339691162,-170]},{"t":149}],"ix":4}},{"ty":0,"nm":"复杂度","mn":"ADBE Turbulent Displace-0005","ix":5,"v":{"a":0,"k":1,"ix":5}},{"ty":0,"nm":"演化","mn":"ADBE Turbulent Displace-0006","ix":6,"v":{"a":1,"k":[{"i":{"x":[0.833],"y":[0.833]},"o":{"x":[0.167],"y":[0.167]},"n":["0p833_0p833_0p167_0p167"],"t":0,"s":[16],"e":[172]},{"t":149}],"ix":6}},{"ty":6,"nm":"演化选项","mn":"ADBE Turbulent Displace-0007","ix":7,"v":0},{"ty":7,"nm":"循环演化","mn":"ADBE Turbulent Displace-0008","ix":8,"v":{"a":0,"k":0,"ix":8}},{"ty":0,"nm":"循环（旋转次数）","mn":"ADBE Turbulent Displace-0009","ix":9,"v":{"a":0,"k":1,"ix":9}},{"ty":0,"nm":"随机植入","mn":"ADBE Turbulent Displace-0010","ix":10,"v":{"a":0,"k":0,"ix":10}},{"ty":6,"nm":"随机植入","mn":"ADBE Turbulent Displace-0011","ix":11,"v":0},{"ty":7,"nm":"固定","mn":"ADBE Turbulent Displace-0012","ix":12,"v":{"a":0,"k":3,"ix":12}},{"ty":7,"nm":"调整图层大小","mn":"ADBE Turbulent Displace-0013","ix":13,"v":{"a":0,"k":0,"ix":13}},{"ty":7,"nm":"消除锯齿（最佳品质）","mn":"ADBE Turbulent Displace-0014","ix":14,"v":{"a":0,"k":1,"ix":14}}]}],"ip":0,"op":150,"st":0,"bm":0},{"ddd":0,"ind":7,"ty":2,"nm":"Rectangle_1.png","cl":"png","refId":"image_5","sr":1,"ks":{"o":{"a":0,"k":100,"ix":11},"r":{"a":0,"k":0,"ix":10},"p":{"a":0,"k":[0,0,0],"ix":2},"a":{"a":0,"k":[0,0,0],"ix":1},"s":{"a":0,"k":[25,25,100],"ix":6}},"ao":0,"ip":0,"op":150,"st":0,"bm":0}]}