{"v":"4.10.1","fr":25,"ip":0,"op":300,"w":375,"h":667,"nm":"合成 3","ddd":0,"assets":[],"layers":[{"ddd":0,"ind":1,"ty":1,"nm":"青色 纯色 1","sr":1,"ks":{"o":{"a":0,"k":100,"ix":11},"r":{"a":0,"k":0,"ix":10},"p":{"a":1,"k":[{"i":{"x":0.833,"y":0.833},"o":{"x":0.167,"y":0.167},"n":"0p833_0p833_0p167_0p167","t":0,"s":[187.5,333.5,0],"e":[187.5,496.5,0],"to":[0,27.1666660308838,0],"ti":[0,0,0]},{"i":{"x":0.833,"y":0.833},"o":{"x":0.167,"y":0.167},"n":"0p833_0p833_0p167_0p167","t":169,"s":[187.5,496.5,0],"e":[187.5,333.5,0],"to":[0,0,0],"ti":[0,27.1666660308838,0]},{"t":295}],"ix":2},"a":{"a":0,"k":[187.5,333.5,0],"ix":1},"s":{"a":0,"k":[100,100,100],"ix":6}},"ao":0,"hasMask":true,"masksProperties":[{"inv":false,"mode":"a","pt":{"a":0,"k":{"i":[[38.353,0],[0,-39.039],[-38.353,0],[0,39.039]],"o":[[-38.353,0],[0,39.039],[38.353,0],[0,-39.039]],"v":[[196.443,262],[127,332.686],[196.443,403.371],[265.887,332.686]],"c":true},"ix":1},"o":{"a":0,"k":100,"ix":3},"x":{"a":0,"k":0,"ix":4},"nm":"蒙版 1"}],"sw":375,"sh":667,"sc":"#26e7f4","ip":0,"op":300,"st":0,"bm":0}]}