{"v":"4.10.1","fr":25,"ip":0,"op":300,"w":375,"h":667,"nm":"合成 4","ddd":0,"assets":[{"id":"image_0","w":2480,"h":3508,"u":"images/","p":"img_0.png"}],"layers":[{"ddd":0,"ind":1,"ty":2,"nm":"1.png","cl":"png","refId":"image_0","sr":1,"ks":{"o":{"a":0,"k":100,"ix":11},"r":{"a":0,"k":0,"ix":10},"p":{"a":1,"k":[{"i":{"x":0.833,"y":0.833},"o":{"x":0.167,"y":0.167},"n":"0p833_0p833_0p167_0p167","t":0,"s":[205.5,315.5,0],"e":[211.5,555.5,0],"to":[1,40,0],"ti":[0,0,0]},{"i":{"x":0.833,"y":0.833},"o":{"x":0.167,"y":0.167},"n":"0p833_0p833_0p167_0p167","t":155,"s":[211.5,555.5,0],"e":[205.5,315.5,0],"to":[0,0,0],"ti":[1,40,0]},{"t":299}],"ix":2},"a":{"a":0,"k":[1240,1754,0],"ix":1},"s":{"a":0,"k":[17.201,17.201,100],"ix":6}},"ao":0,"ip":0,"op":300,"st":0,"bm":0}]}